{
    "weights": {
        "w1_CD": 0.0,
        "w2_PV": 0.08807139674897131,
        "w3_TR": 0.0,
        "w4_ST": 0.0,
        "w5_ML": 0.9119286032510288
    },
    "intercept": 1.3549604498482941
}