{
    "weights": {
        "w1_CD": 0.0,
        "w2_PV": 0.08669833683228528,
        "w3_TR": 0.0,
        "w4_ST": 0.0,
        "w5_ML": 0.9133016631677147
    },
    "intercept": 1.3406522238498417
}